{
  "loss": [
    1.9169411659240723,
    1.6762171983718872,
    1.482782006263733,
    1.341709017753601,
    1.275890827178955,
    1.203186273574829,
    1.1357253789901733,
    1.1099990606307983,
    1.0514252185821533,
    1.058693528175354
  ],
  "accuracy": [
    0.2579365074634552,
    0.38591268658638,
    0.454365074634552,
    0.5267857313156128,
    0.5376983880996704,
    0.5634920597076416,
    0.5858134627342224,
    0.5868055820465088,
    0.6230158805847168,
    0.6160714030265808
  ],
  "val_loss": [
    3.8842666149139404,
    4.827633857727051,
    5.8556060791015625,
    6.258774280548096,
    5.107898235321045,
    6.647141456604004,
    6.9919867515563965,
    7.639195919036865,
    7.404595375061035,
    5.103651523590088
  ],
  "val_accuracy": [
    0.0,
    0.04035874456167221,
    0.2331838607788086,
    0.06726457178592682,
    0.2690582871437073,
    0.3856502175331116,
    0.3139013350009918,
    0.1569506675004959,
    0.24215246737003326,
    0.3497757911682129
  ]
}