{
  "loss": [
    1.9404940605163574,
    1.6370129585266113,
    1.4351069927215576,
    1.320724606513977,
    1.273673176765442
  ],
  "accuracy": [
    0.2495039701461792,
    0.3938491940498352,
    0.4875991940498352,
    0.5277777910232544,
    0.543154776096344
  ],
  "val_loss": [
    3.620203733444214,
    4.535894870758057,
    4.79113245010376,
    5.804876804351807,
    5.0939741134643555
  ],
  "val_accuracy": [
    0.0,
    0.27802690863609314,
    0.18834081292152405,
    0.4035874307155609,
    0.27802690863609314
  ]
}