{
  "loss": [
    1.9033831357955933,
    1.5555412769317627,
    1.414163589477539
  ],
  "accuracy": [
    0.28125,
    0.4370039701461792,
    0.4895833432674408
  ],
  "val_loss": [
    4.361773490905762,
    4.511967658996582,
    3.5448360443115234
  ],
  "val_accuracy": [
    0.0,
    0.19730941951274872,
    0.21524663269519806
  ]
}