{
  "loss": [
    1.8712288633225456,
    1.6812472381289043,
    1.580614481653486,
    1.4836707550381858,
    1.4747079989266774,
    1.43344817842756,
    1.393472503102015,
    1.3968471364369468,
    1.3738424503614033,
    1.3755632534859672,
    1.3458816503721571,
    1.337717743146987,
    1.363460309921749,
    1.3523842096328735,
    1.287941528691186,
    1.2795261825834001,
    1.287663707657466,
    1.2567344222749983,
    1.2714240380695887,
    1.2557005910646348,
    1.2673178750371177,
    1.2101445708956038,
    1.23325996266471,
    1.2289293824680267,
    1.2239062700952803,
    1.1935664349132113,
    1.1956140275985476,
    1.1934895903345137,
    1.1920630326346746,
    1.1670925513146415,
    1.165055127370925,
    1.153057774854085,
    1.1403472679001945,
    1.1427189878055029,
    1.1438483018723746,
    1.1397764238100203,
    1.1248885790507,
    1.100704156217121,
    1.0995311150475153,
    1.0970199335189093,
    1.0851779627421545,
    1.064592857209463,
    1.0908242208617074,
    1.0724154417476957,
    1.0919889949616932,
    1.0261262986395094,
    1.0224124760854811,
    1.0136771173704238,
    1.0202457129009186,
    1.040956873742361,
    1.002951593626113,
    1.023783469010913,
    0.9946536062255739,
    1.023244199298677,
    1.0066591898600261,
    0.9747966546860952,
    0.9691306049861605,
    0.9663664745906043,
    0.9623525171052842,
    0.9263329259932988,
    0.9513909906621963,
    0.9513736225309826,
    0.9524070885446336,
    0.9206431290460011,
    0.9294970603216262,
    0.9294787200670394,
    0.9203953411844041,
    0.9107343999166337,
    0.8953888217608134,
    0.8836672939951458,
    0.897432926155272,
    0.8908630235800667,
    0.8890330072433229,
    0.8742429079517485,
    0.8710294602409242,
    0.855987046446119,
    0.8726425331736368,
    0.831881476773156,
    0.8443740142716302,
    0.8325349489847819
  ],
  "accuracy": [
    0.30753968253968256,
    0.39732142857142855,
    0.4538690476190476,
    0.47966269841269843,
    0.4885912698412698,
    0.5014880952380952,
    0.5044642857142857,
    0.5133928571428571,
    0.5109126984126984,
    0.5188492063492064,
    0.5228174603174603,
    0.529265873015873,
    0.5153769841269841,
    0.5213293650793651,
    0.5357142857142857,
    0.5456349206349206,
    0.5386904761904762,
    0.5491071428571429,
    0.5396825396825397,
    0.5545634920634921,
    0.5471230158730159,
    0.5649801587301587,
    0.5689484126984127,
    0.5659722222222222,
    0.566468253968254,
    0.5674603174603174,
    0.5649801587301587,
    0.5704365079365079,
    0.5649801587301587,
    0.5724206349206349,
    0.5724206349206349,
    0.5739087301587301,
    0.5868055555555556,
    0.5853174603174603,
    0.5788690476190477,
    0.5813492063492064,
    0.5813492063492064,
    0.6031746031746031,
    0.59375,
    0.5987103174603174,
    0.6071428571428571,
    0.6031746031746031,
    0.6106150793650794,
    0.5967261904761905,
    0.5927579365079365,
    0.6274801587301587,
    0.6190476190476191,
    0.6205357142857143,
    0.6185515873015873,
    0.6106150793650794,
    0.628968253968254,
    0.6240079365079365,
    0.6324404761904762,
    0.6106150793650794,
    0.6225198412698413,
    0.6403769841269841,
    0.6329365079365079,
    0.6314484126984127,
    0.6403769841269841,
    0.6393849206349206,
    0.6483134920634921,
    0.6418650793650794,
    0.6309523809523809,
    0.6448412698412699,
    0.6463293650793651,
    0.654265873015873,
    0.6572420634920635,
    0.658234126984127,
    0.658234126984127,
    0.6711309523809523,
    0.6741071428571429,
    0.6641865079365079,
    0.6656746031746031,
    0.6721230158730159,
    0.6656746031746031,
    0.660218253968254,
    0.6726190476190477,
    0.691468253968254,
    0.6626984126984127,
    0.6919642857142857
  ],
  "val_loss": [
    1.669455422414258,
    1.599153646973751,
    1.520505529882662,
    1.5471446818834997,
    1.479940669418985,
    1.4842621082682246,
    1.3720781722945483,
    1.3703704211743957,
    1.3927365445235385,
    1.3723061474984002,
    1.330649930800023,
    1.4312426332935624,
    1.3047610644267813,
    1.3346111699604668,
    1.3185548723545844,
    1.2915476320035788,
    1.3194525851262524,
    1.2824686797745024,
    1.2764048870368923,
    1.3326775412923018,
    1.3110077081774383,
    1.2982135626232678,
    1.280805672230742,
    1.2910798007597304,
    1.226909790872993,
    1.2485427610542743,
    1.2203176545455316,
    1.2804804254540414,
    1.2534696884753993,
    1.248876811677565,
    1.266643255280807,
    1.2726939419459868,
    1.273708136092387,
    1.2383913641018718,
    1.2163344065704689,
    1.193854976128035,
    1.2042082419844486,
    1.2174181195117968,
    1.1682108405459621,
    1.1753981279150787,
    1.222635447711688,
    1.1806330354758976,
    1.2653002156270459,
    1.163746931093156,
    1.1770089078911752,
    1.1945216201346016,
    1.1596376858484585,
    1.1925552580923242,
    1.1681794558939913,
    1.1678181833215893,
    1.1440075165487726,
    1.2364517487752598,
    1.2741523756574622,
    1.1208431485522488,
    1.154303410662664,
    1.277289216828453,
    1.1687372308140913,
    1.1463427976642488,
    1.1674573020550167,
    1.2044508879494773,
    1.150091361571855,
    1.086920809318132,
    1.1208558809596862,
    1.2154342053717027,
    1.2029814896562174,
    1.2158111499563995,
    1.2803091863880243,
    1.1764544510520627,
    1.1429215001418451,
    1.1846441971346937,
    1.1665128865049559,
    1.2133534323474218,
    1.1557272563066183,
    1.1788791418075562,
    1.1248547416096846,
    1.154916294487068,
    1.1179195524865737,
    1.2234822832415457,
    1.1817556507384297,
    1.1421603162192444
  ],
  "val_accuracy": [
    0.39461883408071746,
    0.4663677130044843,
    0.45739910313901344,
    0.4618834080717489,
    0.484304932735426,
    0.4349775784753363,
    0.5112107623318386,
    0.484304932735426,
    0.48878923766816146,
    0.49327354260089684,
    0.515695067264574,
    0.4798206278026906,
    0.5201793721973094,
    0.5067264573991032,
    0.5515695067264574,
    0.5112107623318386,
    0.5112107623318386,
    0.5246636771300448,
    0.5246636771300448,
    0.5022421524663677,
    0.515695067264574,
    0.5246636771300448,
    0.5426008968609866,
    0.5650224215246636,
    0.5650224215246636,
    0.5426008968609866,
    0.5695067264573991,
    0.515695067264574,
    0.5560538116591929,
    0.547085201793722,
    0.5381165919282511,
    0.547085201793722,
    0.5336322869955157,
    0.5605381165919282,
    0.57847533632287,
    0.57847533632287,
    0.5515695067264574,
    0.5739910313901345,
    0.5739910313901345,
    0.5874439461883408,
    0.5560538116591929,
    0.600896860986547,
    0.5426008968609866,
    0.5695067264573991,
    0.5919282511210763,
    0.5560538116591929,
    0.5695067264573991,
    0.57847533632287,
    0.5874439461883408,
    0.6188340807174888,
    0.6143497757847534,
    0.5739910313901345,
    0.5246636771300448,
    0.6143497757847534,
    0.5605381165919282,
    0.5650224215246636,
    0.6143497757847534,
    0.6053811659192825,
    0.5829596412556054,
    0.5605381165919282,
    0.6188340807174888,
    0.6367713004484304,
    0.6188340807174888,
    0.5829596412556054,
    0.6053811659192825,
    0.5964125560538116,
    0.5336322869955157,
    0.6367713004484304,
    0.6188340807174888,
    0.5964125560538116,
    0.5829596412556054,
    0.6367713004484304,
    0.6322869955156951,
    0.6098654708520179,
    0.6233183856502242,
    0.5919282511210763,
    0.6188340807174888,
    0.6143497757847534,
    0.5919282511210763,
    0.6636771300448431
  ]
}