{
  "test_accuracy": 0.9422222222222222,
  "precision": 0.9422222222222222,
  "recall": 0.9422222222222222,
  "f1_score": 0.9422222222222222,
  "confusion_matrix": [
    [
      648,
      26
    ],
    [
      26,
      200
    ]
  ],
  "hyperparameters": {
    "max_length": 256,
    "batch_size": 16,
    "learning_rate": 2e-05,
    "epochs": 4,
    "warmup_steps": 500,
    "weight_decay": 0.01
  }
}