{
  "test_accuracy": 0.8755555555555555,
  "precision": 0.8920188301526331,
  "recall": 0.8755555555555555,
  "f1_score": 0.8798342199929068,
  "confusion_matrix": [
    [
      589,
      85
    ],
    [
      27,
      199
    ]
  ],
  "train_losses": [
    0.6074052439494566,
    0.38004738995523163,
    0.33810608371189144,
    0.3132339771272558,
    0.2731466976304849,
    0.254891229624098,
    0.22089747062912493,
    0.19884702258489348,
    0.1683024074882269,
    0.1476037037191969,
    0.12541307335380802,
    0.12257105498715784,
    0.0989790822513345,
    0.09849774568680335,
    0.07850113143495312,
    0.06943582056732284,
    0.06218482693480892,
    0.04952835849182906,
    0.053736879963032676,
    0.034082027897415115
  ],
  "train_accs": [
    0.7452380952380953,
    0.7688095238095238,
    0.8047619047619048,
    0.8421428571428572,
    0.8676190476190476,
    0.8804761904761905,
    0.8973809523809524,
    0.914047619047619,
    0.9295238095238095,
    0.9407142857142857,
    0.9492857142857143,
    0.9492857142857143,
    0.9616666666666667,
    0.9645238095238096,
    0.9711904761904762,
    0.9704761904761905,
    0.9773809523809524,
    0.9797619047619047,
    0.9797619047619047,
    0.9890476190476191
  ],
  "val_losses": [
    0.3887482886684352,
    0.35995813998682746,
    0.32614329868349534,
    0.41778063619958944,
    0.40659799195569135,
    0.4595732555307191,
    0.34930142863043423,
    0.46015217026759836,
    0.33153724387801925,
    0.3926626294851303,
    0.47312757938072597,
    0.33559015444640455,
    0.532825707875449,
    0.4044805426022102,
    0.35487884906088485,
    0.4014137639053937,
    0.6386496686729891,
    0.4690218987906801,
    0.5029908295335441,
    0.5547943295075976
  ],
  "val_accs": [
    0.8055555555555556,
    0.7755555555555556,
    0.8088888888888889,
    0.7911111111111111,
    0.7944444444444444,
    0.7888888888888889,
    0.8422222222222222,
    0.8277777777777777,
    0.86,
    0.8488888888888889,
    0.8422222222222222,
    0.8644444444444445,
    0.8322222222222222,
    0.8744444444444445,
    0.8866666666666667,
    0.87,
    0.8455555555555555,
    0.8755555555555555,
    0.8688888888888889,
    0.87
  ],
  "hyperparameters": {
    "embedding_dim": 100,
    "hidden_dim": 128,
    "n_layers": 2,
    "dropout": 0.5,
    "batch_size": 32,
    "learning_rate": 0.001,
    "epochs": 20
  }
}