{
  "accuracy": 0.68,
  "best_params": {
    "C": 10.0,
    "max_iter": 1000,
    "penalty": "l2",
    "solver": "liblinear"
  },
  "cv_score": 0.6466455696202532,
  "report": {
    "negative": {
      "precision": 0.9130434782608695,
      "recall": 0.5833333333333334,
      "f1-score": 0.711864406779661,
      "support": 36.0
    },
    "neutral": {
      "precision": 0.52,
      "recall": 0.8666666666666667,
      "f1-score": 0.65,
      "support": 30.0
    },
    "positive": {
      "precision": 0.7777777777777778,
      "recall": 0.6176470588235294,
      "f1-score": 0.6885245901639344,
      "support": 34.0
    },
    "accuracy": 0.68,
    "macro avg": {
      "precision": 0.7369404186795491,
      "recall": 0.6892156862745099,
      "f1-score": 0.6834629989811986,
      "support": 100.0
    },
    "weighted avg": {
      "precision": 0.7491400966183575,
      "recall": 0.68,
      "f1-score": 0.6853695470964156,
      "support": 100.0
    }
  }
}