{
  "loss": 0.8602511882781982,
  "accuracy": 0.6299999952316284,
  "epochs_trained": 11,
  "final_lr": 0.0005000000237487257,
  "report": {
    "0": {
      "precision": 0.8260869565217391,
      "recall": 0.5277777777777778,
      "f1-score": 0.6440677966101694,
      "support": 36.0
    },
    "1": {
      "precision": 0.4897959183673469,
      "recall": 0.8,
      "f1-score": 0.6075949367088608,
      "support": 30.0
    },
    "2": {
      "precision": 0.7142857142857143,
      "recall": 0.5882352941176471,
      "f1-score": 0.6451612903225806,
      "support": 34.0
    },
    "accuracy": 0.63,
    "macro avg": {
      "precision": 0.6767228630582668,
      "recall": 0.6386710239651417,
      "f1-score": 0.6322746745472037,
      "support": 100.0
    },
    "weighted avg": {
      "precision": 0.687187222715173,
      "recall": 0.63,
      "f1-score": 0.6334977265019966,
      "support": 100.0
    }
  }
}